{"maxVoltages": {"(0, 71, 2)": -56.625171969718465, "(0, 67, 7)": -56.34480419524682, "(0, 37, 7)": -54.41374506884021, "(0, 53, 2)": -54.949911524558026, "(0, 39, 0)": -55.34073854875211, "(0, 76, 2)": -56.45799689096567, "(0, 40, 3)": -55.14886889459452, "(0, 44, 4)": -56.233908098732755, "(0, 38, 3)": -55.33908256728239, "(0, 78, 0)": -56.49058839854291, "(0, 49, 6)": -55.69806272369137, "(0, 50, 0)": -38.30944624429342, "(0, 60, 6)": -56.591885787609236, "(0, 68, 3)": -56.01916779948219, "(0, 77, 2)": -55.8931738626776, "(0, 70, 2)": -56.488049620492234, "(0, 61, 3)": -55.74174506513914, "(0, 38, 4)": -55.79365308004028, "(0, 63, 2)": -55.73154569314248, "(0, 77, 3)": -56.55851763799398, "(0, 64, 0)": -55.86763635553958, "(0, 60, 1)": -54.97399231486083, "(0, 45, 0)": -55.14280218624052, "(0, 69, 1)": -56.670632684524975, "(0, 67, 6)": -56.029169891653375, "(0, 65, 0)": -56.035642509891446, "(0, 39, 1)": -55.361440466404176, "(0, 37, 4)": -50.99006610419716, "(0, 53, 3)": -55.63002587336248, "(0, 38, 2)": -55.15966350157605, "(0, 76, 0)": -56.46330577165326, "(0, 76, 6)": -56.3383418802294, "(0, 60, 7)": -55.83406292030791, "(0, 63, 8)": -56.10104874885227, "(0, 72, 0)": -56.32344374592009, "(0, 49, 5)": -55.76747079596016, "(0, 75, 0)": -56.571586297848235, "(0, 73, 0)": -56.1269858884034, "(0, 70, 1)": -55.94266520346548, "(0, 61, 2)": -55.78514772929344, "(0, 63, 1)": -55.92025882084127, "(0, 56, 0)": -55.709418154242414, "(0, 51, 6)": -55.300104559697076, "(0, 69, 0)": -56.28903843923917, "(0, 76, 1)": -56.76003125846492, "(0, 51, 10)": -55.323633324700374, "(0, 67, 5)": -56.119474588385145, "(0, 52, 4)": -56.313396569332625, "(0, 39, 2)": -56.17813823961116, "(0, 37, 5)": -52.371722501404506, "(0, 37, 11)": -55.14080926686292, "(0, 38, 1)": -55.520243030567286, "(0, 43, 0)": -55.82850570887139, "(0, 60, 4)": -56.20316908951667, "(0, 68, 0)": -55.612255784379435, "(0, 40, 10)": -56.2717475968749, "(0, 73, 1)": -56.16533772689848, "(0, 50, 1)": -40.704765276433065, "(0, 64, 1)": -56.53437688932559, "(0, 70, 0)": -56.459732434178534, "(0, 61, 5)": -55.861272918070895, "(0, 63, 0)": -56.55498906244054, "(0, 51, 7)": -55.50302113576102, "(0, 40, 5)": -55.854369459516896, "(0, 53, 6)": -55.35147120061307, "(0, 53, 4)": -55.91704746990396, "(0, 69, 3)": -56.46417919814873, "(0, 69, 2)": -55.79669254452672, "(0, 67, 4)": -56.40461422857004, "(0, 52, 3)": -56.289953944373636, "(0, 37, 10)": -55.29634073378525, "(0, 38, 0)": -55.86273362224747, "(0, 77, 0)": -56.23245864806396, "(0, 49, 4)": -55.96826854909958, "(0, 40, 4)": -55.924759180602045, "(0, 68, 1)": -56.03024398051723, "(0, 61, 4)": -55.451840967074645, "(0, 63, 7)": -56.163223004425596, "(0, 53, 5)": -55.51833288522373, "(0, 51, 4)": -55.66604817613597, "(0, 37, 2)": -45.451935622576045, "(0, 40, 6)": -56.035103093976495, "(0, 48, 0)": -56.23965385274436, "(0, 40, 7)": -55.80996325006259, "(0, 44, 0)": -56.15235157181888, "(0, 67, 0)": -55.868958944220644, "(0, 69, 5)": -55.93907759936184, "(0, 78, 4)": -55.98452435339825, "(0, 52, 2)": -56.08476097991057, "(0, 67, 3)": -56.42597784436272, "(0, 77, 6)": -57.09899857437189, "(0, 67, 8)": -56.0785289764177, "(0, 76, 4)": -56.34206133002499, "(0, 77, 5)": -55.99055406298408, "(0, 60, 5)": -56.230227659261615, "(0, 77, 1)": -56.3176274601895, "(0, 49, 3)": -55.74795441290529, "(0, 42, 2)": -56.536983401185715, "(0, 51, 1)": -52.47480233108663, "(0, 61, 7)": -56.11846013613576, "(0, 63, 6)": -55.90779283608638, "(0, 37, 3)": -49.212407338180235, "(0, 64, 4)": -56.49939889488166, "(0, 75, 2)": -56.42968661473364, "(0, 51, 5)": -55.0969126912033, "(0, 44, 1)": -56.09143431400499, "(0, 53, 7)": -56.216214677153765, "(0, 57, 0)": -56.473360388883506, "(0, 69, 4)": -56.13849594528657, "(0, 40, 0)": -55.76524208586879, "(0, 67, 2)": -56.00668476221881, "(0, 78, 3)": -56.24029905581007, "(0, 52, 1)": -56.386721341621474, "(0, 50, 2)": -45.303886205130105, "(0, 41, 0)": -56.815096757672336, "(0, 37, 12)": -55.83060279707684, "(0, 47, 0)": -55.491151356985036, "(0, 49, 2)": -55.64215661804801, "(0, 37, 8)": -55.5384247969174, "(0, 37, 6)": -53.95620362524374, "(0, 60, 2)": -55.77655860681731, "(0, 46, 0)": -55.81681590085343, "(0, 51, 2)": -53.564470539787436, "(0, 74, 0)": -56.53574666216864, "(0, 40, 8)": -56.15540558244645, "(0, 61, 6)": -56.24112664626568, "(0, 63, 5)": -56.14418077145453, "(0, 37, 0)": -38.38986493446657, "(0, 77, 4)": -56.323052567104746, "(0, 37, 1)": -41.15610452316614, "(0, 62, 0)": -56.612900832533086, "(0, 40, 1)": -55.047629017303976, "(0, 44, 2)": -56.29960778616058, "(0, 53, 0)": -55.11046420369734, "(0, 78, 2)": -55.70403842361511, "(0, 45, 1)": -55.014215267733526, "(0, 60, 8)": -56.59557883702152, "(0, 51, 8)": -55.71170533695244, "(0, 52, 0)": -56.03522331976245, "(0, 54, 0)": -55.85797631394886, "(0, 61, 1)": -55.532310639215595, "(0, 60, 3)": -56.16038578672126, "(0, 45, 2)": -55.397736813556875, "(0, 49, 1)": -55.79801917192383, "(0, 37, 9)": -54.895667161907674, "(0, 64, 2)": -56.627378091641404, "(0, 40, 9)": -56.359112089176996, "(0, 42, 0)": -56.32844244022073, "(0, 53, 8)": -55.75657493616645, "(0, 76, 5)": -56.039411213536475, "(0, 63, 4)": -56.35660296531727, "(0, 71, 0)": -55.97336974996313, "(0, 53, 1)": -56.162831755887986, "(0, 66, 0)": -56.10016809793834, "(0, 40, 2)": -56.117211950489974, "(0, 44, 3)": -55.71959099803241, "(0, 69, 6)": -56.45328976248279, "(0, 67, 1)": -56.469831492120775, "(0, 78, 1)": -57.080063542929814, "(0, 60, 10)": -56.732603077536645, "(0, 60, 9)": -56.06839590414166, "(0, 51, 9)": -55.50478893484594, "(0, 58, 0)": -56.10539411441225, "(0, 68, 2)": -56.182040948408805, "(0, 61, 0)": -56.86395358450729, "(0, 73, 2)": -56.56815287266396, "(0, 59, 0)": -55.99293039415131, "(0, 64, 3)": -56.24600100281438, "(0, 60, 0)": -51.64656981503493, "(0, 63, 3)": -56.096657934713676, "(0, 51, 0)": -50.00886339530747, "(0, 49, 0)": -55.63448513390069, "(0, 76, 3)": -56.24281479149262, "(0, 51, 3)": -55.20510416346883, "(0, 42, 1)": -56.01221223701742, "(0, 55, 0)": -56.781111703802104, "(0, 61, 8)": -55.942277972662446, "(0, 71, 1)": -56.22524011702023, "(0, 75, 1)": -56.171330693758556, "(0, 68, 4)": -56.565535841103}, "AA_MESWs": {"(0, 71, 2)": 0.003915838403592886, "(0, 67, 7)": 0.0008548340023537548, "(0, 37, 7)": 1.9191982743466482, "(0, 53, 2)": 1.0508963093068928, "(0, 39, 0)": 1.5293180277723764, "(0, 76, 2)": 0.01933066850752141, "(0, 40, 3)": 0.727639611762342, "(0, 44, 4)": 0.004621364083398305, "(0, 38, 3)": 0.7998905929629672, "(0, 78, 0)": 0.047010784489344815, "(0, 49, 6)": 0.28550086233477145, "(0, 50, 0)": 33.27234677470913, "(0, 60, 6)": -0.15712197173338893, "(0, 68, 3)": 0.2375483156458742, "(0, 77, 2)": 0.001843817263520009, "(0, 70, 2)": 0.0015299325200501812, "(0, 61, 3)": 0.22212956688006358, "(0, 38, 4)": 0.4633362857229031, "(0, 63, 2)": 0.022812856128098247, "(0, 77, 3)": 0.0013159871730650252, "(0, 64, 0)": 0.03506062655398523, "(0, 60, 1)": 2.439186986222545, "(0, 45, 0)": 1.03781656653873, "(0, 69, 1)": 0.17996721687663353, "(0, 67, 6)": 0.0020535074120999752, "(0, 65, 0)": 0.009192038474033382, "(0, 39, 1)": 0.5330594773923849, "(0, 37, 4)": 9.27406105202909, "(0, 53, 3)": 0.5990921612300752, "(0, 38, 2)": 1.2798018332152878, "(0, 76, 0)": 0.022536403440874153, "(0, 76, 6)": 0.0010953110421496604, "(0, 60, 7)": 0.8074646656303344, "(0, 63, 8)": 0.00980272983241548, "(0, 72, 0)": 0.00297934802049582, "(0, 49, 5)": 0.43550492522497564, "(0, 75, 0)": 0.060734402969259804, "(0, 73, 0)": 0.010048415418168588, "(0, 70, 1)": 0.009697913381039314, "(0, 61, 2)": 0.29294255155200943, "(0, 63, 1)": 0.03279340372430539, "(0, 56, 0)": 0.2135628575745372, "(0, 51, 6)": 1.1517513853255679, "(0, 69, 0)": 0.12068337712059929, "(0, 76, 1)": 0.010657780217371737, "(0, 51, 10)": 0.7138281949901, "(0, 67, 5)": 0.008041719696393557, "(0, 52, 4)": 0.08281300885293774, "(0, 39, 2)": 0.602348071177218, "(0, 37, 5)": 6.161987026943272, "(0, 37, 11)": 0.8714234797829263,