{"maxVoltages": {"(2, 0, 0)": -1.4306728051393978}, "AA_MESWs": {"(2, 0, 0)": 54.128362126117175}, "MESWs": {"(2, 0, 0)": 75.4737911770642}}