{"(0, 71, 2)": 0.005394929199175819, "(0, 67, 7)": 0.006003509336297025, "(0, 50, 0)": 0.005785919688661618, "(0, 53, 2)": 0.0059263055246874165, "(0, 39, 0)": 0.0045724539811833435, "(0, 76, 2)": 0.005483748774698643, "(0, 76, 6)": 0.005483748774698643, "(0, 44, 4)": 0.004718814361520027, "(0, 38, 3)": 0.004875583575359806, "(0, 78, 0)": 0.006703371686559079, "(0, 49, 6)": 0.004924403609427865, "(0, 37, 7)": 0.005958937491290132, "(0, 60, 6)": 0.0059405376455756165, "(0, 68, 3)": 0.005492779055590234, "(0, 77, 2)": 0.005622513999095105, "(0, 70, 2)": 0.004460300798283118, "(0, 61, 3)": 0.005404638398201602, "(0, 38, 4)": 0.004875583575359806, "(0, 63, 2)": 0.005153327012589895, "(0, 77, 3)": 0.005622513999095105, "(0, 64, 0)": 0.005678316782579963, "(0, 60, 1)": 0.0059405376455756165, "(0, 51, 1)": 0.005490714631452097, "(0, 69, 1)": 0.005703475944526584, "(0, 67, 6)": 0.006003509336297025, "(0, 65, 0)": 0.004588825083429828, "(0, 39, 1)": 0.0045724539811833435, "(0, 37, 4)": 0.005958937491290132, "(0, 53, 3)": 0.0059263055246874165, "(0, 38, 2)": 0.004875583575359806, "(0, 76, 0)": 0.005483748774698643, "(0, 40, 3)": 0.005234413870051679, "(0, 60, 7)": 0.0059405376455756165, "(0, 63, 8)": 0.005153327012589895, "(0, 72, 0)": 0.009918691316473447, "(0, 49, 5)": 0.004924403609427865, "(0, 75, 0)": 0.006679930780919549, "(0, 73, 0)": 0.006460841046445706, "(0, 70, 1)": 0.004460300798283118, "(0, 61, 2)": 0.005404638398201602, "(0, 60, 2)": 0.0059405376455756165, "(0, 63, 1)": 0.005153327012589895, "(0, 56, 0)": 0.0037951908834316104, "(0, 51, 6)": 0.005490714631452097, "(0, 69, 0)": 0.005703475944526584, "(0, 76, 1)": 0.005483748774698643, "(0, 51, 10)": 0.005490714631452097, "(0, 67, 5)": 0.006003509336297025, "(0, 52, 4)": 0.006386003481334088, "(0, 39, 2)": 0.0045724539811833435, "(0, 50, 2)": 0.005785919688661618, "(0, 37, 11)": 0.005958937491290132, "(0, 38, 1)": 0.004875583575359806, "(0, 43, 0)": 0.0068500153675758, "(0, 60, 4)": 0.0059405376455756165, "(0, 68, 0)": 0.005492779055590234, "(0, 40, 10)": 0.005234413870051679, "(0, 73, 1)": 0.006460841046445706, "(0, 66, 0)": 0.007315350570278627, "(0, 64, 1)": 0.005678316782579963, "(0, 70, 0)": 0.004460300798283118, "(0, 61, 5)": 0.005404638398201602, "(0, 40, 0)": 0.005234413870051679, "(0, 51, 7)": 0.005490714631452097, "(0, 40, 5)": 0.005234413870051679, "(0, 53, 4)": 0.0059263055246874165, "(0, 69, 3)": 0.005703475944526584, "(0, 69, 2)": 0.005703475944526584, "(0, 67, 4)": 0.006003509336297025, "(0, 52, 3)": 0.006386003481334088, "(0, 37, 10)": 0.005958937491290132, "(0, 38, 0)": 0.004875583575359806, "(0, 67, 8)": 0.006003509336297025, "(0, 77, 0)": 0.005622513999095105, "(0, 49, 4)": 0.004924403609427865, "(0, 40, 4)": 0.005234413870051679, "(0, 68, 1)": 0.005492779055590234, "(0, 61, 4)": 0.005404638398201602, "(0, 37, 5)": 0.005958937491290132, "(0, 63, 7)": 0.005153327012589895, "(0, 53, 5)": 0.0059263055246874165, "(0, 51, 4)": 0.005490714631452097, "(0, 37, 2)": 0.005958937491290132, "(0, 76, 3)": 0.005483748774698643, "(0, 48, 0)": 0.003259670089040351, "(0, 40, 7)": 0.005234413870051679, "(0, 44, 0)": 0.004718814361520027, "(0, 60, 9)": 0.0059405376455756165, "(0, 69, 5)": 0.005703475944526584, "(0, 78, 4)": 0.006703371686559079, "(0, 52, 2)": 0.006386003481334088, "(0, 67, 3)": 0.006003509336297025, "(0, 77, 6)": 0.005622513999095105, "(0, 53, 6)": 0.0059263055246874165, "(0, 76, 4)": 0.005483748774698643, "(0, 51, 9)": 0.005490714631452097, "(0, 60, 5)": 0.0059405376455756165, "(0, 77, 1)": 0.005622513999095105, "(0, 49, 3)": 0.004924403609427865, "(0, 42, 2)": 0.004182867157657284, "(0, 45, 0)": 0.007123052888270659, "(0, 61, 7)": 0.005404638398201602, "(0, 63, 6)": 0.005153327012589895, "(0, 37, 3)": 0.005958937491290132, "(0, 64, 4)": 0.005678316782579963, "(0, 75, 2)": 0.006679930780919549, "(0, 51, 5)": 0.005490714631452097, "(0, 44, 1)": 0.004718814361520027, "(0, 53, 7)": 0.0059263055246874165, "(0, 57, 0)": 0.004301253613871055, "(0, 69, 4)": 0.005703475944526584, "(0, 76, 5)": 0.005483748774698643, "(0, 67, 2)": 0.006003509336297025, "(0, 78, 3)": 0.006703371686559079, "(0, 52, 1)": 0.006386003481334088, "(0, 68, 4)": 0.005492779055590234, "(0, 41, 0)": 0.001887224776321883, "(0, 63, 0)": 0.005153327012589895, "(0, 37, 12)": 0.005958937491290132, "(0, 47, 0)": 0.001737846407964639, "(0, 49, 2)": 0.004924403609427865, "(0, 37, 8)": 0.005958937491290132, "(0, 67, 1)": 0.006003509336297025, "(0, 46, 0)": 0.005704496589583189, "(0, 51, 2)": 0.005490714631452097, "(0, 74, 0)": 0.010868266374781882, "(0, 40, 8)": 0.005234413870051679, "(0, 61, 6)": 0.005404638398201602, "(0, 63, 5)": 0.005153327012589895, "(0, 37, 0)": 0.005958937491290132, "(0, 51, 8)": 0.005490714631452097, "(0, 37, 1)": 0.005958937491290132, "(0, 62, 0)": 0.011121505970685817, "(0, 40, 1)": 0.005234413870051679, "(0, 44, 2)": 0.004718814361520027, "(0, 53, 0)": 0.0059263055246874165, "(0, 78, 2)": 0.006703371686559079, "(0, 51, 0)": 0.005490714631452097, "(0, 60, 8)": 0.0059405376455756165, "(0, 77, 4)": 0.005622513999095105, "(0, 52, 0)": 0.006386003481334088, "(0, 54, 0)": 0.002543782846734332, "(0, 61, 1)": 0.005404638398201602, "(0, 60, 3)": 0.0059405376455756165, "(0, 51, 3)": 0.005490714631452097, "(0, 49, 1)": 0.004924403609427865, "(0, 37, 9)": 0.005958937491290132, "(0, 64, 2)": 0.005678316782579963, "(0, 40, 9)": 0.005234413870051679, "(0, 42, 0)": 0.004182867157657284, "(0, 53, 8)": 0.0059263055246874165, "(0, 63, 4)": 0.005153327012589895, "(0, 71, 0)": 0.005394929199175819, "(0, 53, 1)": 0.0059263055246874165, "(0, 50, 1)": 0.005785919688661618, "(0, 37, 6)": 0.005958937491290132, "(0, 40, 2)": 0.005234413870051679, "(0, 44, 3)": 0.004718814361520027, "(0, 69, 6)": 0.005703475944526584, "(0, 78, 1)": 0.006703371686559079, "(0, 60, 10)": 0.0059405376455756165, "(0, 67, 0)": 0.006003509336297025, "(0, 77, 5)": 0.005622513999095105, "(0, 58, 0)": 0.0031764785054737435, "(0, 68, 2)": 0.005492779055590234, "(0, 61, 0)": 0.005404638398201602, "(0, 73, 2)": 0.006460841046445706, "(0, 59, 0)": 0.002333349524342103, "(0, 64, 3)": 0.005678316782579963, "(0, 60, 0)": 0.0059405376455756165, "(0, 63, 3)": 0.005153327012589895, "(0, 45, 1)": 0.007123052888270659, "(0, 49, 0)": 0.004924403609427865, "(0, 40, 6)": 0.005234413870051679, "(0, 45, 2)": 0.007123052888270659, "(0, 42, 1)": 0.004182867157657284, "(0, 55, 0)": 0.002025286998638627, "(0, 61, 8)": 0.005404638398201602, "(0, 71, 1)": 0.005394929199175819, "(0, 75, 1)": 0.006679930780919549}