{"(1, 54, 3)": 0.0041646776166227965, "(1, 59, 0)": 0.004270931576990862, "(1, 2, 2)": 0.004220214246315468, "(1, 61, 0)": 0.0034585865973623298, "(1, 39, 4)": 0.0037452170091743157, "(1, 62, 3)": 0.003997110226554936, "(1, 80, 2)": 0.004324463975904521, "(1, 72, 1)": 0.004323933319752714, "(1, 74, 3)": 0.004304933502308802, "(1, 82, 5)": 0.003772180983623396, "(1, 44, 2)": 0.0033399434375142654, "(1, 10, 0)": 0.004568172351356149, "(1, 14, 1)": 0.0036716246391520256, "(1, 69, 4)": 0.004023469335436425, "(1, 50, 0)": 0.0016335765775548597, "(1, 74, 0)": 0.004304933502308802, "(1, 33, 4)": 0.003122530855018138, "(1, 13, 0)": 0.004103575589143131, "(1, 56, 0)": 0.0035208741202503663, "(1, 8, 0)": 0.0032069914217163807, "(1, 5, 4)": 0.004180469716009965, "(1, 6, 2)": 0.003709315367672786, "(1, 15, 0)": 0.002879925090966007, "(1, 9, 0)": 0.0031064970114368247, "(1, 28, 3)": 0.0037932128442137087, "(1, 44, 4)": 0.0033399434375142654, "(1, 12, 0)": 0.0054355311786771976, "(1, 67, 0)": 0.004175452065518316, "(1, 45, 0)": 0.004094044491234971, "(1, 66, 4)": 0.0038326955438480388, "(1, 27, 1)": 0.004455194897547314, "(1, 35, 4)": 0.004450309657974021, "(1, 73, 0)": 0.002604167069982111, "(1, 58, 4)": 0.003475136398360048, "(1, 40, 3)": 0.0036036528259854816, "(1, 76, 0)": 0.00413107396147562, "(1, 58, 5)": 0.003475136398360048, "(1, 14, 6)": 0.0036716246391520256, "(1, 62, 2)": 0.003997110226554936, "(1, 54, 0)": 0.0041646776166227965, "(1, 2, 1)": 0.004220214246315468, "(1, 83, 0)": 0.0033618914656978376, "(1, 61, 1)": 0.0034585865973623298, "(1, 82, 4)": 0.003772180983623396, "(1, 77, 2)": 0.003133271264403334, "(1, 72, 6)": 0.004323933319752714, "(1, 81, 0)": 0.005106818748019528, "(1, 74, 1)": 0.004304933502308802, "(1, 10, 1)": 0.004568172351356149, "(1, 31, 3)": 0.0036376903708183342, "(1, 56, 1)": 0.0035208741202503663, "(1, 59, 3)": 0.004270931576990862, "(1, 4, 0)": 0.0036067388961602115, "(1, 70, 2)": 0.0038674423488892053, "(1, 66, 3)": 0.0038326955438480388, "(1, 5, 0)": 0.004180469716009965, "(1, 61, 4)": 0.0034585865973623298, "(1, 35, 2)": 0.004450309657974021, "(1, 6, 1)": 0.003709315367672786, "(1, 74, 4)": 0.004304933502308802, "(1, 31, 4)": 0.0036376903708183342, "(1, 45, 1)": 0.004094044491234971, "(1, 28, 2)": 0.0037932128442137087, "(1, 30, 0)": 0.004702940777592926, "(1, 60, 0)": 0.003167298043132316, "(1, 36, 1)": 0.003311276572253127, "(1, 5, 8)": 0.004180469716009965, "(1, 35, 3)": 0.004450309657974021, "(1, 40, 1)": 0.0036036528259854816, "(1, 38, 0)": 0.004348408938599969, "(1, 76, 1)": 0.00413107396147562, "(1, 58, 2)": 0.003475136398360048, "(1, 13, 6)": 0.004103575589143131, "(1, 62, 1)": 0.003997110226554936, "(1, 59, 2)": 0.004270931576990862, "(1, 69, 2)": 0.004023469335436425, "(1, 72, 7)": 0.004323933319752714, "(1, 71, 0)": 0.004293543413084718, "(1, 2, 5)": 0.004220214246315468, "(1, 70, 4)": 0.0038674423488892053, "(1, 48, 1)": 0.0033635490873411534, "(1, 67, 1)": 0.004175452065518316, "(1, 58, 3)": 0.003475136398360048, "(1, 52, 0)": 0.0006716949241723512, "(1, 74, 2)": 0.004304933502308802, "(1, 66, 2)": 0.0038326955438480388, "(1, 44, 3)": 0.0033399434375142654, "(1, 40, 0)": 0.0036036528259854816, "(1, 70, 3)": 0.0038674423488892053, "(1, 5, 1)": 0.004180469716009965, "(1, 72, 8)": 0.004323933319752714, "(1, 6, 0)": 0.003709315367672786, "(1, 22, 1)": 0.0029222497539516854, "(1, 39, 2)": 0.0037452170091743157, "(1, 15, 2)": 0.002879925090966007, "(1, 23, 0)": 0.0009411455848012572, "(1, 45, 2)": 0.004094044491234971, "(1, 28, 5)": 0.0037932128442137087, "(1, 3, 0)": 0.0014523513283682381, "(1, 0, 0)": 0.004714311094582211, "(1, 55, 0)": 0.0006065306854513433, "(1, 35, 1)": 0.004450309657974021, "(1, 2, 3)": 0.004220214246315468, "(1, 14, 4)": 0.0036716246391520256, "(1, 60, 2)": 0.003167298043132316, "(1, 69, 3)": 0.004023469335436425, "(1, 13, 5)": 0.004103575589143131, "(1, 62, 0)": 0.003997110226554936, "(1, 59, 5)": 0.004270931576990862, "(1, 46, 0)": 0.0019194367553683669, "(1, 72, 4)": 0.004323933319752714, "(1, 36, 0)": 0.003311276572253127, "(1, 5, 3)": 0.004180469716009965, "(1, 48, 2)": 0.0033635490873411534, "(1, 82, 6)": 0.003772180983623396, "(1, 32, 2)": 0.0037777846030658344, "(1, 64, 0)": 0.0044345050687922575, "(1, 68, 0)": 0.003886489541763922, "(1, 51, 1)": 0.0038735243293673526, "(1, 31, 1)": 0.0036376903708183342, "(1, 56, 2)": 0.0035208741202503663, "(1, 1, 0)": 0.0029574792894061395, "(1, 66, 1)": 0.0038326955438480388, "(1, 68, 1)": 0.003886489541763922, "(1, 40, 2)": 0.0036036528259854816, "(1, 75, 0)": 0.004870201445277832, "(1, 39, 0)": 0.0037452170091743157, "(1, 5, 6)": 0.004180469716009965, "(1, 33, 1)": 0.003122530855018138, "(1, 42, 0)": 0.002941428730615, "(1, 39, 1)": 0.0037452170091743157, "(1, 41, 0)": 0.007394186562755907, "(1, 45, 3)": 0.004094044491234971, "(1, 59, 1)": 0.004270931576990862, "(1, 16, 0)": 0.0021128225534621653, "(1, 82, 1)": 0.003772180983623396, "(1, 35, 0)": 0.004450309657974021, "(1, 65, 0)": 0.005000534343771757, "(1, 58, 0)": 0.003475136398360048, "(1, 14, 5)": 0.0036716246391520256, "(1, 59, 4)": 0.004270931576990862, "(1, 69, 0)": 0.004023469335436425, "(1, 57, 0)": 0.0032887963065733675, "(1, 2, 6)": 0.004220214246315468, "(1, 33, 0)": 0.003122530855018138, "(1, 22, 2)": 0.0029222497539516854, "(1, 13, 4)": 0.004103575589143131, "(1, 32, 3)": 0.0037777846030658344, "(1, 70, 6)": 0.0038674423488892053, "(1, 72, 5)": 0.004323933319752714, "(1, 51, 0)": 0.0038735243293673526, "(1, 47, 0)": 0.0015480041679875587, "(1, 25, 0)": 0.005464268887759816, "(1, 6, 5)": 0.003709315367672786, "(1, 44, 0)": 0.0033399434375142654, "(1, 6, 6)": 0.003709315367672786, "(1, 78, 1)": 0.002614726537053949, "(1, 4, 2)": 0.0036067388961602115, "(1, 70, 1)": 0.0038674423488892053, "(1, 66, 0)": 0.0038326955438480388, "(1, 5, 7)": 0.004180469716009965, "(1, 37, 0)": 0.005179986761798951, "(1, 2, 0)": 0.004220214246315468, "(1, 28, 7)": 0.0037932128442137087, "(1, 70, 5)": 0.0038674423488892053, "(1, 54, 1)": 0.0041646776166227965, "(1, 45, 4)": 0.004094044491234971, "(1, 82, 0)": 0.003772180983623396, "(1, 72, 2)": 0.004323933319752714, "(1, 26, 0)": 0.006313378098420297, "(1, 34, 0)": 0.003542718720510794, "(1, 11, 0)": 0.0015738782845336492, "(1, 4, 3)": 0.0036067388961602115, "(1, 58, 1)": 0.003475136398360048, "(1, 14, 2)": 0.0036716246391520256, "(1, 20, 0)": 0.0003400512361080745, "(1, 54, 4)": 0.0041646776166227965, "(1, 69, 1)": 0.004023469335436425, "(1, 4, 4)": 0.0036067388961602115, "(1, 33, 3)": 0.003122530855018138, "(1, 13, 3)": 0.004103575589143131, "(1, 32, 0)": 0.0037777846030658344, "(1, 70, 7)": 0.0038674423488892053, "(1, 18, 0)": 0.007774637351202507, "(1, 48, 0)": 0.0033635490873411534, "(1, 67, 3)": 0.004175452065518316, "(1, 39, 3)": 0.0037452170091743157, "(1, 29, 0)": 0.004428753463504382, "(1, 78, 2)": 0.002614726537053949, "(1, 53, 0)": 0.004094006938844464, "(1, 78, 0)": 0.002614726537053949, "(1, 80, 0)": 0.004324463975904521, "(1, 4, 1)": 0.0036067388961602115, "(1, 49, 0)": 0.003394157122643319, "(1, 60, 4)": 0.003167298043132316, "(1, 36, 2)": 0.003311276572253127, "(1, 24, 0)": 0.0027964137913557077, "(1, 79, 0)": 0.0030730008038782532, "(1, 27, 0)": 0.004455194897547314, "(1, 60, 1)": 0.003167298043132316, "(1, 45, 5)": 0.004094044491234971, "(1, 28, 6)": 0.0037932128442137087, "(1, 72, 3)": 0.004323933319752714, "(1, 45, 6)": 0.004094044491234971, "(1, 61, 2)": 0.0034585865973623298, "(1, 82, 3)": 0.003772180983623396, "(1, 14, 3)": 0.0036716246391520256, "(1, 32, 4)": 0.0037777846030658344, "(1, 28, 8)": 0.0037932128442137087, "(1, 77, 0)": 0.003133271264403334, "(1, 67, 2)": 0.004175452065518316, "(1, 10, 2)": 0.004568172351356149, "(1, 13, 2)": 0.004103575589143131, "(1, 2, 4)": 0.004220214246315468, "(1, 59, 6)": 0.004270931576990862, "(1, 60, 3)": 0.003167298043132316, "(1, 21, 0)": 0.004726454898343659, "(1, 33, 2)": 0.003122530855018138, "(1, 32, 1)": 0.0037777846030658344, "(1, 70, 0)": 0.0038674423488892053,